code,stage,source_volume,carrier_key,histories,hit_rows,deposit_keV_sum
fluka,raw,ColdPlate_MXC_50mK_SD_anchor,FLUKA:EM_BELOW_THRESHOLD|ENDRAW_EM_LOCAL_DEPOSITION|211|20,438,651,221873.03362576055
fluka,raw,Cu_50mK_StillLike_Can_side_wall_rectcut_window_band,FLUKA:EM_BELOW_THRESHOLD|ENDRAW_EM_LOCAL_DEPOSITION|211|20,150,215,75775.5870413001
fluka,raw,Cu_50mK_StillLike_Can_side_wall_above_side_port,FLUKA:EM_BELOW_THRESHOLD|ENDRAW_EM_LOCAL_DEPOSITION|211|20,132,203,66771.42102302407
fluka,raw,Cu_50mK_StillLike_Can_bottom_cap_2mm,FLUKA:EM_BELOW_THRESHOLD|ENDRAW_EM_LOCAL_DEPOSITION|211|20,90,132,45341.528992939995
fluka,raw,ColdPlate_CP_100mK_intercept,FLUKA:EM_BELOW_THRESHOLD|ENDRAW_EM_LOCAL_DEPOSITION|211|20,88,129,44182.14304579999
fluka,raw,Cu_SubstrateSupport_SolidDisk_L0_deepest,FLUKA:EM_BELOW_THRESHOLD|ENDRAW_EM_LOCAL_DEPOSITION|211|20,74,103,37813.93044062997
fluka,raw,ColdPlate_Still_0p7K,FLUKA:EM_BELOW_THRESHOLD|ENDRAW_EM_LOCAL_DEPOSITION|211|20,47,60,23633.87646379998
fluka,raw,Cu_50mK_StillLike_Can_side_wall_below_side_port,FLUKA:EM_BELOW_THRESHOLD|ENDRAW_EM_LOCAL_DEPOSITION|211|20,46,65,23289.81036709998
fluka,raw,DR_MixingChamber_Cu,FLUKA:EM_BELOW_THRESHOLD|ENDRAW_EM_LOCAL_DEPOSITION|211|20,39,53,19078.581088699997
fluka,raw,DR_Continuous_HEX_CuNi_MXC_to_CP,FLUKA:EM_BELOW_THRESHOLD|ENDRAW_EM_LOCAL_DEPOSITION|211|20,30,47,15004.672300670001
fluka,raw,DR_Continuous_HEX_CuNi_CP_to_Still,FLUKA:EM_BELOW_THRESHOLD|ENDRAW_EM_LOCAL_DEPOSITION|211|20,17,21,8539.327893
fluka,raw,ColdPlate_4K,FLUKA:EM_BELOW_THRESHOLD|ENDRAW_EM_LOCAL_DEPOSITION|211|20,14,17,7153.9868400000005
fluka,raw,Cu_SubstrateSupport_OpenRing_L5_YP_panel,FLUKA:EM_BELOW_THRESHOLD|ENDRAW_EM_LOCAL_DEPOSITION|211|20,13,22,6642.98778
fluka,raw,DR_Still_Pot_Cu,FLUKA:EM_BELOW_THRESHOLD|ENDRAW_EM_LOCAL_DEPOSITION|211|20,12,17,6131.9887205
fluka,raw,Cu_ColdFinger_Stem_YP_ZP_to_MXC,FLUKA:EM_BELOW_THRESHOLD|ENDRAW_EM_LOCAL_DEPOSITION|211|20,10,14,4865.2014126
fluka,raw,ColdPlate_MXC_50mK_SD_anchor,FLUKA:ELECTRON|MGDRAW_EMFSCO_CONTINUOUS|3|2,8,8,1944.5546528999998
fluka,raw,Cu_SubstrateSupport_OpenRing_L4_YP_panel,FLUKA:EM_BELOW_THRESHOLD|ENDRAW_EM_LOCAL_DEPOSITION|211|20,7,8,3340.6348288000004
fluka,raw,Cu_SubstrateSupport_OpenRing_L2_ZP_panel,FLUKA:EM_BELOW_THRESHOLD|ENDRAW_EM_LOCAL_DEPOSITION|211|20,6,9,3065.99436
fluka,raw,Cu_SubstrateSupport_OpenRing_L3_ZP_panel,FLUKA:EM_BELOW_THRESHOLD|ENDRAW_EM_LOCAL_DEPOSITION|211|20,5,5,2554.9953
fluka,raw,DR_Capillary_CuNi_MXC_CP,FLUKA:EM_BELOW_THRESHOLD|ENDRAW_EM_LOCAL_DEPOSITION|211|20,5,6,2554.9953
fluka,raw,Cu_50mK_StillLike_Can_side_wall_rectcut_window_band,FLUKA:ELECTRON|MGDRAW_EMFSCO_CONTINUOUS|3|2,5,6,874.0541705999999
fluka,raw,Cu_SubstrateSupport_OpenRing_L1_YM_panel,FLUKA:EM_BELOW_THRESHOLD|ENDRAW_EM_LOCAL_DEPOSITION|211|20,4,8,2043.9962405
fluka,raw,DR_Capillary_CuNi_CP_Still,FLUKA:EM_BELOW_THRESHOLD|ENDRAW_EM_LOCAL_DEPOSITION|211|20,4,6,2043.99624
fluka,raw,Cu_ColdFinger_Stem_YP_ZM_to_MXC,FLUKA:EM_BELOW_THRESHOLD|ENDRAW_EM_LOCAL_DEPOSITION|211|20,4,6,2043.9962399
fluka,raw,Cu_ColdFinger_OffAxis_YP_ZP_from_Disk_to_Stem,FLUKA:EM_BELOW_THRESHOLD|ENDRAW_EM_LOCAL_DEPOSITION|211|20,3,7,1532.9971801000002
fluka,raw,DR_Capillary_CuNi_Still_4K,FLUKA:EM_BELOW_THRESHOLD|ENDRAW_EM_LOCAL_DEPOSITION|211|20,3,4,1532.9971799999998
fluka,raw,Cu_SubstrateSupport_OpenRing_L2_YM_panel,FLUKA:EM_BELOW_THRESHOLD|ENDRAW_EM_LOCAL_DEPOSITION|211|20,3,4,1532.9971799999998
fluka,raw,Cu_SubstrateSupport_OpenRing_L2_YP_panel,FLUKA:EM_BELOW_THRESHOLD|ENDRAW_EM_LOCAL_DEPOSITION|211|20,3,3,1532.9971799999998
fluka,raw,Cu_ColdFinger_Stem_YM_ZM_to_MXC,FLUKA:EM_BELOW_THRESHOLD|ENDRAW_EM_LOCAL_DEPOSITION|211|20,3,5,1532.9971798000001
fluka,raw,Cu_SubstrateSupport_OpenRing_L5_ZP_panel,FLUKA:EM_BELOW_THRESHOLD|ENDRAW_EM_LOCAL_DEPOSITION|211|20,3,5,1532.9971796999998
fluka,raw,Cu_SubstrateSupport_OpenRing_L1_YP_panel,FLUKA:EM_BELOW_THRESHOLD|ENDRAW_EM_LOCAL_DEPOSITION|211|20,3,3,1147.297451
fluka,raw,DR_MixingChamber_Cu,FLUKA:ELECTRON|MGDRAW_EMFSCO_CONTINUOUS|3|2,3,3,850.382249
fluka,raw,ColdPlate_CP_100mK_intercept,FLUKA:ELECTRON|MGDRAW_EMFSCO_CONTINUOUS|3|2,3,3,785.774232
fluka,raw,Cu_50mK_StillLike_Can_bottom_cap_2mm,FLUKA:ELECTRON|MGDRAW_EMFSCO_CONTINUOUS|3|2,3,3,648.3864065
fluka,raw,Cu_SubstrateSupport_OpenRing_L3_YM_panel,FLUKA:EM_BELOW_THRESHOLD|ENDRAW_EM_LOCAL_DEPOSITION|211|20,2,4,1021.9981201999999
fluka,raw,Cu_ColdFinger_OffAxis_YM_ZP_from_Disk_to_Stem,FLUKA:EM_BELOW_THRESHOLD|ENDRAW_EM_LOCAL_DEPOSITION|211|20,2,2,1021.99812
fluka,raw,Cu_SubstrateSupport_OpenRing_L4_ZM_panel,FLUKA:EM_BELOW_THRESHOLD|ENDRAW_EM_LOCAL_DEPOSITION|211|20,2,2,1021.99812
fluka,raw,Cu_50mK_StillLike_Can_side_wall_above_side_port,FLUKA:ELECTRON|MGDRAW_EMFSCO_CONTINUOUS|3|2,2,2,680.454896
fluka,raw,Cu_SubstrateSupport_OpenRing_L1_ZP_panel,FLUKA:EM_BELOW_THRESHOLD|ENDRAW_EM_LOCAL_DEPOSITION|211|20,1,2,510.99906020000003
fluka,raw,Cu_MXC_Clamp_Pad_YP_ZM_for_OffAxisStem,FLUKA:EM_BELOW_THRESHOLD|ENDRAW_EM_LOCAL_DEPOSITION|211|20,1,1,510.99906
fluka,raw,DR_4K_Condenser_Cu,FLUKA:EM_BELOW_THRESHOLD|ENDRAW_EM_LOCAL_DEPOSITION|211|20,1,2,510.99906
fluka,raw,Cu_MXC_Clamp_Pad_YP_ZP_for_OffAxisStem,FLUKA:EM_BELOW_THRESHOLD|ENDRAW_EM_LOCAL_DEPOSITION|211|20,1,1,510.99906
fluka,raw,Cu_ColdFinger_Stem_YM_ZP_to_MXC,FLUKA:EM_BELOW_THRESHOLD|ENDRAW_EM_LOCAL_DEPOSITION|211|20,1,1,510.99906
fluka,raw,Cu_SubstrateSupport_OpenRing_L4_ZP_panel,FLUKA:EM_BELOW_THRESHOLD|ENDRAW_EM_LOCAL_DEPOSITION|211|20,1,2,510.99906
fluka,raw,Cu_MXC_Clamp_Pad_YM_ZP_for_OffAxisStem,FLUKA:EM_BELOW_THRESHOLD|ENDRAW_EM_LOCAL_DEPOSITION|211|20,1,1,510.99906
fluka,raw,Cu_SubstrateSupport_OpenRing_L1_YP_panel,FLUKA:ELECTRON|MGDRAW_EMFSCO_CONTINUOUS|3|2,1,1,385.699729
fluka,raw,ColdPlate_Still_0p7K,FLUKA:ELECTRON|MGDRAW_EMFSCO_CONTINUOUS|3|2,1,1,383.079356
fluka,raw,DR_Continuous_HEX_CuNi_MXC_to_CP,FLUKA:ELECTRON|MGDRAW_EMFSCO_CONTINUOUS|3|2,1,1,325.299499
fluka,raw,Cu_ColdFinger_Stem_YP_ZP_to_MXC,FLUKA:ELECTRON|MGDRAW_EMFSCO_CONTINUOUS|3|2,1,3,244.78918779999998
fluka,raw,Cu_SubstrateSupport_OpenRing_L4_YP_panel,FLUKA:ELECTRON|MGDRAW_EMFSCO_CONTINUOUS|3|2,1,1,236.358591
fluka,raw,Cu_50mK_StillLike_Can_side_wall_below_side_port,FLUKA:ELECTRON|MGDRAW_EMFSCO_CONTINUOUS|3|2,1,1,216.146391
fluka,raw,DR_Continuous_HEX_CuNi_CP_to_Still,FLUKA:ELECTRON|MGDRAW_EMFSCO_CONTINUOUS|3|2,1,1,147.656127
megalib,raw,ColdPlate_MXC_50mK_SD_anchor,MEGAlib:e-|gamma|phot|eIoni,227,728,72036.58614829999
megalib,raw,ColdPlate_MXC_50mK_SD_anchor,MEGAlib:gamma|e+|annihil|phot,227,227,1747.4733900000012
megalib,raw,ColdPlate_MXC_50mK_SD_anchor,MEGAlib:gamma|gamma|phot|phot,197,283,1794.9339399999988
megalib,raw,Cu_SubstrateSupport_SolidDisk_L0_deepest,MEGAlib:e-|gamma|phot|eIoni,164,532,52662.81293429002
megalib,raw,Cu_SubstrateSupport_SolidDisk_L0_deepest,MEGAlib:gamma|e+|annihil|phot,164,164,1365.4804999999994
megalib,raw,Cu_SubstrateSupport_SolidDisk_L0_deepest,MEGAlib:gamma|gamma|phot|phot,137,207,1331.3360699999996
megalib,raw,Cu_50mK_StillLike_Can_bottom_cap_2mm,MEGAlib:e-|gamma|phot|eIoni,114,370,35540.2722168
megalib,raw,Cu_50mK_StillLike_Can_bottom_cap_2mm,MEGAlib:gamma|e+|annihil|phot,114,114,932.8487199999986
megalib,raw,ColdPlate_MXC_50mK_SD_anchor,MEGAlib:e-|gamma|compt|eIoni,112,176,21966.9762328
megalib,raw,ColdPlate_MXC_50mK_SD_anchor,MEGAlib:gamma|e+|annihil|compt,109,144,214.02781999999996
megalib,raw,Cu_50mK_StillLike_Can_side_wall_rectcut_window_band,MEGAlib:e-|gamma|phot|eIoni,107,359,35356.6120541
megalib,raw,Cu_50mK_StillLike_Can_side_wall_rectcut_window_band,MEGAlib:gamma|e+|annihil|phot,107,107,809.9337499999996
megalib,raw,Cu_50mK_StillLike_Can_bottom_cap_2mm,MEGAlib:gamma|gamma|phot|phot,97,144,782.14713
megalib,raw,Cu_50mK_StillLike_Can_side_wall_rectcut_window_band,MEGAlib:gamma|gamma|phot|phot,91,130,766.2702899999997
megalib,raw,Cu_50mK_StillLike_Can_side_wall_above_side_port,MEGAlib:e-|gamma|phot|eIoni,77,240,23699.597620579996
megalib,raw,Cu_50mK_StillLike_Can_side_wall_above_side_port,MEGAlib:gamma|e+|annihil|phot,77,77,708.9784200000004
megalib,raw,Cu_SubstrateSupport_SolidDisk_L0_deepest,MEGAlib:e-|gamma|compt|eIoni,68,102,14062.970177500001
megalib,raw,Cu_SubstrateSupport_SolidDisk_L0_deepest,MEGAlib:gamma|e+|annihil|compt,66,83,98.82293000000001
megalib,raw,Cu_50mK_StillLike_Can_bottom_cap_2mm,MEGAlib:e-|gamma|compt|eIoni,65,103,13099.039871999998
megalib,raw,ColdPlate_MXC_50mK_SD_anchor,MEGAlib:gamma|e-|eBrem|phot,64,69,379.85482000000025
megalib,raw,Cu_50mK_StillLike_Can_bottom_cap_2mm,MEGAlib:gamma|e+|annihil|compt,64,92,163.82219999999998
megalib,raw,Cu_50mK_StillLike_Can_side_wall_above_side_port,MEGAlib:gamma|gamma|phot|phot,63,87,551.3035400000001
megalib,raw,Cu_50mK_StillLike_Can_side_wall_below_side_port,MEGAlib:e-|gamma|phot|eIoni,53,173,17315.436349300002
megalib,raw,Cu_50mK_StillLike_Can_side_wall_below_side_port,MEGAlib:gamma|e+|annihil|phot,53,53,444.23429000000027
megalib,raw,ColdPlate_MXC_50mK_SD_anchor,MEGAlib:e-|gamma|phot|eBrem,48,54,4800.7895323699995
megalib,raw,Cu_50mK_StillLike_Can_side_wall_rectcut_window_band,MEGAlib:e-|gamma|compt|eIoni,47,75,8842.115498500001
megalib,raw,Cu_SubstrateSupport_SolidDisk_L0_deepest,MEGAlib:gamma|e-|eBrem|phot,47,54,327.54283000000015
megalib,raw,Cu_50mK_StillLike_Can_side_wall_rectcut_window_band,MEGAlib:gamma|e+|annihil|compt,47,59,111.02413000000006
megalib,raw,ColdPlate_CP_100mK_intercept,MEGAlib:e-|gamma|phot|eIoni,42,138,15467.943551999997
megalib,raw,ColdPlate_MXC_50mK_SD_anchor,MEGAlib:e-|gamma|phot|msc,42,685,6338.335925961698
megalib,raw,ColdPlate_CP_100mK_intercept,MEGAlib:gamma|e+|annihil|phot,42,42,384.96370000000036
megalib,raw,Cu_50mK_StillLike_Can_side_wall_below_side_port,MEGAlib:gamma|gamma|phot|phot,42,59,355.3337600000001
megalib,raw,Cu_SubstrateSupport_SolidDisk_L0_deepest,MEGAlib:e-|gamma|phot|eBrem,41,47,4429.8571661000005
megalib,raw,ColdPlate_MXC_50mK_SD_anchor,MEGAlib:e-|e-|eIoni|eIoni,41,44,3466.7565040000004
megalib,raw,Cu_SubstrateSupport_SolidDisk_L0_deepest,MEGAlib:e-|gamma|phot|msc,39,742,6013.257390371999
megalib,raw,Cu_50mK_StillLike_Can_side_wall_rectcut_window_band,MEGAlib:gamma|e-|eBrem|phot,38,46,251.67593000000002
megalib,raw,Cu_50mK_StillLike_Can_side_wall_above_side_port,MEGAlib:e-|gamma|compt|eIoni,36,54,6893.29836
megalib,raw,Cu_50mK_StillLike_Can_side_wall_above_side_port,MEGAlib:gamma|e+|annihil|compt,35,46,92.66913000000002
megalib,raw,ColdPlate_CP_100mK_intercept,MEGAlib:gamma|gamma|phot|phot,34,50,294.78690000000006
megalib,raw,Cu_50mK_StillLike_Can_side_wall_rectcut_window_band,MEGAlib:e-|gamma|phot|eBrem,32,38,2848.648268000001
megalib,raw,Cu_50mK_StillLike_Can_bottom_cap_2mm,MEGAlib:gamma|e-|eBrem|phot,32,40,250.64346000000003
megalib,raw,Cu_SubstrateSupport_SolidDisk_L0_deepest,MEGAlib:e-|e-|eIoni|eIoni,28,28,2422.5039099999995
megalib,raw,Cu_50mK_StillLike_Can_side_wall_rectcut_window_band,MEGAlib:e-|gamma|phot|msc,26,322,3827.3344783589996
megalib,raw,Cu_50mK_StillLike_Can_side_wall_above_side_port,MEGAlib:gamma|e-|eBrem|phot,25,30,126.85717000000004
megalib,raw,Cu_50mK_StillLike_Can_bottom_cap_2mm,MEGAlib:e-|gamma|phot|eBrem,24,29,1901.8834030000003
megalib,raw,Cu_SubstrateSupport_OpenRing_L5_YP_panel,MEGAlib:e-|gamma|phot|eIoni,23,62,6178.282644000002
megalib,raw,Cu_50mK_StillLike_Can_side_wall_below_side_port,MEGAlib:e-|gamma|compt|eIoni,23,36,4293.269515099999
megalib,raw,Cu_SubstrateSupport_OpenRing_L5_YP_panel,MEGAlib:gamma|e+|annihil|phot,23,23,306.5837000000001
megalib,raw,ColdPlate_Still_0p7K,MEGAlib:e-|gamma|phot|eIoni,22,64,6758.67936
megalib,raw,ColdPlate_Still_0p7K,MEGAlib:gamma|e+|annihil|phot,22,22,132.6669
megalib,raw,Cu_50mK_StillLike_Can_side_wall_below_side_port,MEGAlib:gamma|e+|annihil|compt,22,29,34.139340000000004
megalib,raw,Cu_50mK_StillLike_Can_bottom_cap_2mm,MEGAlib:e-|gamma|phot|msc,21,382,2623.247422528
megalib,raw,Cu_50mK_StillLike_Can_side_wall_above_side_port,MEGAlib:e-|gamma|phot|msc,19,334,2968.3177837290004
megalib,raw,Cu_50mK_StillLike_Can_side_wall_rectcut_window_band,MEGAlib:e-|e-|eIoni|eIoni,19,21,1277.3180200000002
megalib,raw,ColdPlate_Still_0p7K,MEGAlib:gamma|gamma|phot|phot,19,24,180.39370000000005
megalib,raw,ColdPlate_MXC_50mK_SD_anchor,MEGAlib:gamma|e-|eIoni|phot,19,22,43.98561
megalib,raw,Cu_50mK_StillLike_Can_side_wall_below_side_port,MEGAlib:gamma|e-|eBrem|phot,18,20,128.31880999999998
megalib,raw,DR_MixingChamber_Cu,MEGAlib:e-|gamma|phot|eIoni,17,54,5756.072956999999
megalib,raw,Cu_SubstrateSupport_OpenRing_L3_ZP_panel,MEGAlib:e-|gamma|phot|eIoni,17,43,4935.107805000001
megalib,raw,Cu_50mK_StillLike_Can_side_wall_below_side_port,MEGAlib:e-|e-|eIoni|eIoni,17,18,1387.2561300000002
megalib,raw,ColdPlate_MXC_50mK_SD_anchor,MEGAlib:e-|gamma|compt|eBrem,17,17,1369.5536749999997
megalib,raw,Cu_SubstrateSupport_OpenRing_L3_ZP_panel,MEGAlib:gamma|e+|annihil|phot,17,17,170.25945000000002
megalib,raw,Cu_SubstrateSupport_OpenRing_L5_YP_panel,MEGAlib:gamma|gamma|phot|phot,17,22,152.14126
megalib,raw,DR_MixingChamber_Cu,MEGAlib:gamma|e+|annihil|phot,17,17,114.50565
megalib,raw,Cu_SubstrateSupport_OpenRing_L4_ZM_panel,MEGAlib:e-|gamma|phot|eIoni,16,49,4607.682973999999
megalib,raw,ColdPlate_CP_100mK_intercept,MEGAlib:e-|gamma|compt|eIoni,16,26,2887.4827695000004
megalib,raw,Cu_SubstrateSupport_OpenRing_L4_ZM_panel,MEGAlib:gamma|e+|annihil|phot,16,16,119.45530000000002
megalib,raw,ColdPlate_CP_100mK_intercept,MEGAlib:gamma|e+|annihil|compt,16,22,84.20596
megalib,raw,Cu_50mK_StillLike_Can_side_wall_above_side_port,MEGAlib:e-|gamma|phot|eBrem,15,19,1707.58534914
megalib,raw,Cu_50mK_StillLike_Can_side_wall_below_side_port,MEGAlib:e-|gamma|phot|eBrem,15,15,1437.1219019999999
megalib,raw,Cu_SubstrateSupport_SolidDisk_L0_deepest,MEGAlib:gamma|e-|eIoni|phot,15,15,34.315079999999995
megalib,raw,Cu_SubstrateSupport_OpenRing_L4_YP_panel,MEGAlib:e-|gamma|phot|eIoni,14,47,4034.348812
megalib,raw,Cu_SubstrateSupport_OpenRing_L2_ZP_panel,MEGAlib:e-|gamma|phot|eIoni,14,48,3900.1880310000006
megalib,raw,Cu_SubstrateSupport_OpenRing_L4_ZM_panel,MEGAlib:e-|gamma|compt|eIoni,14,23,2446.1925499999998
megalib,raw,Cu_SubstrateSupport_OpenRing_L4_YP_panel,MEGAlib:gamma|e+|annihil|phot,14,14,222.94535999999997
megalib,raw,Cu_SubstrateSupport_OpenRing_L2_ZP_panel,MEGAlib:gamma|e+|annihil|phot,14,14,166.55115
megalib,raw,DR_MixingChamber_Cu,MEGAlib:gamma|gamma|phot|phot,14,18,118.37895000000002
megalib,raw,Cu_SubstrateSupport_OpenRing_L4_ZM_panel,MEGAlib:gamma|gamma|phot|phot,14,22,100.75413
megalib,raw,Cu_SubstrateSupport_OpenRing_L4_ZM_panel,MEGAlib:gamma|e+|annihil|compt,14,21,43.601710000000004
megalib,raw,Cu_SubstrateSupport_OpenRing_L2_YM_panel,MEGAlib:e-|gamma|phot|eIoni,13,39,4470.446846
megalib,raw,Cu_50mK_StillLike_Can_bottom_cap_2mm,MEGAlib:e-|e-|eIoni|eIoni,13,13,1096.4146999999998
megalib,raw,Cu_50mK_StillLike_Can_side_wall_above_side_port,MEGAlib:e-|e-|eIoni|eIoni,13,13,971.05343
megalib,raw,Cu_SubstrateSupport_OpenRing_L2_YM_panel,MEGAlib:gamma|e+|annihil|phot,13,13,113.3115
megalib,raw,Cu_SubstrateSupport_OpenRing_L2_ZP_panel,MEGAlib:gamma|gamma|phot|phot,13,20,84.38647999999999
megalib,raw,DR_Continuous_HEX_CuNi_MXC_to_CP,MEGAlib:e-|gamma|phot|eIoni,12,42,3974.372247
megalib,raw,ColdPlate_Still_0p7K,MEGAlib:e-|gamma|compt|eIoni,12,19,2354.357824
megalib,raw,ColdPlate_MXC_50mK_SD_anchor,MEGAlib:e-|gamma|compt|msc,12,254,1621.1499508789998
megalib,raw,DR_Continuous_HEX_CuNi_MXC_to_CP,MEGAlib:gamma|e+|annihil|phot,12,12,77.29820000000002
megalib,raw,ColdPlate_Still_0p7K,MEGAlib:gamma|e+|annihil|compt,12,18,32.43696
megalib,raw,Cu_50mK_StillLike_Can_side_wall_rectcut_window_band,MEGAlib:gamma|e-|eIoni|phot,12,14,24.72037
megalib,raw,ColdPlate_4K,MEGAlib:e-|gamma|phot|eIoni,11,33,3022.621849
megalib,raw,Cu_50mK_StillLike_Can_bottom_cap_2mm,MEGAlib:e-|gamma|compt|eBrem,11,12,1053.9101307
megalib,raw,ColdPlate_4K,MEGAlib:gamma|e+|annihil|phot,11,11,144.8833
megalib,raw,Cu_SubstrateSupport_OpenRing_L4_YP_panel,MEGAlib:gamma|gamma|phot|phot,11,18,116.45661
megalib,raw,Cu_SubstrateSupport_OpenRing_L2_YM_panel,MEGAlib:gamma|gamma|phot|phot,11,16,79.08379999999998
megalib,raw,Cu_SubstrateSupport_OpenRing_L3_ZP_panel,MEGAlib:gamma|gamma|phot|phot,11,14,77.56925
megalib,raw,Cu_SubstrateSupport_OpenRing_L3_ZP_panel,MEGAlib:e-|gamma|compt|eIoni,10,15,1853.71552
megalib,raw,Cu_50mK_StillLike_Can_side_wall_above_side_port,MEGAlib:e-|gamma|compt|eBrem,10,11,1127.59984
megalib,raw,ColdPlate_CP_100mK_intercept,MEGAlib:e-|gamma|phot|eBrem,10,11,665.986289
megalib,raw,DR_Continuous_HEX_CuNi_MXC_to_CP,MEGAlib:gamma|gamma|phot|phot,10,13,97.59361
megalib,raw,Cu_50mK_StillLike_Can_bottom_cap_2mm,MEGAlib:gamma|e-|eIoni|phot,10,10,31.981230000000004
megalib,raw,Cu_50mK_StillLike_Can_side_wall_above_side_port,MEGAlib:gamma|e-|eIoni|phot,10,10,17.773310000000002
megalib,raw,Cu_SubstrateSupport_OpenRing_L3_ZP_panel,MEGAlib:gamma|e+|annihil|compt,10,14,7.603080000000001
megalib,raw,ColdPlate_MXC_50mK_SD_anchor,MEGAlib:e-|gamma|phot|Transportation,10,20,6.19959909867
megalib,raw,Cu_SubstrateSupport_SolidDisk_L0_deepest,MEGAlib:e-|gamma|phot|Transportation,10,25,0.05786487085
megalib,raw,Cu_SubstrateSupport_OpenRing_L5_ZP_panel,MEGAlib:e-|gamma|phot|eIoni,9,29,2880.2348829999996
megalib,raw,Cu_SubstrateSupport_OpenRing_L5_YP_panel,MEGAlib:e-|gamma|phot|msc,9,221,1960.0231764730001
megalib,raw,Cu_SubstrateSupport_OpenRing_L5_YP_panel,MEGAlib:e-|gamma|compt|eIoni,9,12,1842.026861
megalib,raw,Cu_50mK_StillLike_Can_side_wall_below_side_port,MEGAlib:e-|gamma|phot|msc,9,108,1103.1377579
megalib,raw,Cu_SubstrateSupport_OpenRing_L5_ZP_panel,MEGAlib:gamma|e+|annihil|phot,9,9,62.049710000000005
megalib,raw,ColdPlate_CP_100mK_intercept,MEGAlib:gamma|e-|eBrem|phot,9,10,53.68222
megalib,raw,Cu_SubstrateSupport_OpenRing_L5_YP_panel,MEGAlib:gamma|e+|annihil|compt,9,11,13.83922
megalib,raw,DR_MixingChamber_Cu,MEGAlib:e-|gamma|compt|eIoni,8,10,1904.62685
megalib,raw,Cu_50mK_StillLike_Can_bottom_cap_2mm,MEGAlib:e-|gamma|compt|msc,8,89,738.6815075260001
megalib,raw,ColdPlate_4K,MEGAlib:gamma|gamma|phot|phot,8,11,74.79605
megalib,raw,DR_MixingChamber_Cu,MEGAlib:gamma|e+|annihil|compt,8,10,14.19109
megalib,raw,Cu_50mK_StillLike_Can_side_wall_above_side_port,MEGAlib:e-|gamma|phot|Transportation,8,18,0.0482979486
megalib,raw,ColdPlate_4K,MEGAlib:e-|gamma|compt|eIoni,7,12,1847.0877
megalib,raw,Cu_SubstrateSupport_OpenRing_L2_ZP_panel,MEGAlib:e-|gamma|compt|eIoni,7,14,1737.34037
megalib,raw,Cu_SubstrateSupport_OpenRing_L4_YP_panel,MEGAlib:e-|gamma|compt|eIoni,7,10,1324.4703700000002
megalib,raw,ColdPlate_CP_100mK_intercept,MEGAlib:e-|gamma|phot|msc,7,93,1011.149844
megalib,raw,Cu_SubstrateSupport_OpenRing_L5_ZP_panel,MEGAlib:gamma|gamma|phot|phot,7,8,58.47867
megalib,raw,ColdPlate_4K,MEGAlib:gamma|e+|annihil|compt,7,12,30.741030000000002
megalib,raw,Cu_SubstrateSupport_OpenRing_L4_YP_panel,MEGAlib:gamma|e+|annihil|compt,7,9,27.133180000000003
megalib,raw,ColdPlate_CP_100mK_intercept,MEGAlib:gamma|e-|eIoni|phot,7,8,11.75846
megalib,raw,Cu_SubstrateSupport_OpenRing_L2_ZP_panel,MEGAlib:gamma|e+|annihil|compt,7,12,8.4073
megalib,raw,ColdPlate_MXC_50mK_SD_anchor,MEGAlib:gamma|gamma|phot|compt,7,7,5.45727
megalib,raw,Cu_SubstrateSupport_OpenRing_L3_ZM_panel,MEGAlib:e-|gamma|phot|eIoni,6,21,1879.6946800000003
megalib,raw,Cu_SubstrateSupport_OpenRing_L1_YP_panel,MEGAlib:e-|gamma|phot|eIoni,6,20,1807.830123
megalib,raw,Cu_SubstrateSupport_OpenRing_L1_YM_panel,MEGAlib:e-|gamma|phot|eIoni,6,17,1406.9592079999998
megalib,raw,Cu_SubstrateSupport_OpenRing_L2_YM_panel,MEGAlib:e-|gamma|compt|eIoni,6,9,1273.9314
megalib,raw,ColdPlate_Still_0p7K,MEGAlib:e-|gamma|phot|msc,6,138,1115.9824041080003
megalib,raw,Cu_SubstrateSupport_OpenRing_L5_YP_panel,MEGAlib:e-|gamma|phot|eBrem,6,8,760.1183437
megalib,raw,ColdPlate_CP_100mK_intercept,MEGAlib:e-|e-|eIoni|eIoni,6,8,519.16317
megalib,raw,Cu_SubstrateSupport_SolidDisk_L0_deepest,MEGAlib:e-|gamma|compt|eBrem,6,8,469.901037
megalib,raw,Cu_50mK_StillLike_Can_side_wall_rectcut_window_band,MEGAlib:e-|gamma|compt|eBrem,6,6,421.84749
megalib,raw,Cu_SubstrateSupport_OpenRing_L1_YM_panel,MEGAlib:gamma|e+|annihil|phot,6,6,65.3964
megalib,raw,Cu_SubstrateSupport_OpenRing_L3_ZM_panel,MEGAlib:gamma|gamma|phot|phot,6,8,50.92206
megalib,raw,Cu_SubstrateSupport_OpenRing_L1_YP_panel,MEGAlib:gamma|e+|annihil|phot,6,6,40.3149
megalib,raw,Cu_SubstrateSupport_OpenRing_L3_ZM_panel,MEGAlib:gamma|e+|annihil|phot,6,6,37.93320000000001
megalib,raw,ColdPlate_MXC_50mK_SD_anchor,MEGAlib:gamma|gamma|compt|phot,6,6,37.64300000000001
megalib,raw,Cu_SubstrateSupport_OpenRing_L5_YP_panel,MEGAlib:gamma|e-|eBrem|phot,6,8,34.6442
megalib,raw,Cu_SubstrateSupport_SolidDisk_L0_deepest,MEGAlib:gamma|gamma|compt|phot,6,7,11.982500000000002
megalib,raw,Cu_50mK_StillLike_Can_side_wall_below_side_port,MEGAlib:gamma|e-|eIoni|phot,6,7,10.72572
megalib,raw,Cu_SubstrateSupport_OpenRing_L2_YM_panel,MEGAlib:gamma|e+|annihil|compt,6,7,4.578980000000001
megalib,raw,Cu_SubstrateSupport_OpenRing_L3_YM_panel,MEGAlib:e-|gamma|phot|eIoni,5,18,1592.321981
megalib,raw,Cu_SubstrateSupport_OpenRing_L4_ZP_panel,MEGAlib:e-|gamma|phot|eIoni,5,15,1558.308023
megalib,raw,Cu_SubstrateSupport_OpenRing_L1_ZP_panel,MEGAlib:e-|gamma|phot|eIoni,5,19,1499.8422839999998
megalib,raw,Cu_SubstrateSupport_OpenRing_L2_YP_panel,MEGAlib:e-|gamma|phot|eIoni,5,17,1452.553613
megalib,raw,Cu_SubstrateSupport_OpenRing_L3_ZP_panel,MEGAlib:e-|gamma|phot|msc,5,107,1104.896532515
megalib,raw,Cu_SubstrateSupport_OpenRing_L1_YP_panel,MEGAlib:e-|gamma|compt|eIoni,5,6,779.976316
megalib,raw,DR_Continuous_HEX_CuNi_MXC_to_CP,MEGAlib:e-|gamma|compt|eIoni,5,7,653.4342700000001
megalib,raw,Cu_SubstrateSupport_SolidDisk_L0_deepest,MEGAlib:e-|gamma|compt|msc,5,105,544.281566145
megalib,raw,DR_Continuous_HEX_CuNi_MXC_to_CP,MEGAlib:e-|e-|eIoni|eIoni,5,6,526.30385
megalib,raw,Cu_SubstrateSupport_OpenRing_L3_YM_panel,MEGAlib:gamma|gamma|phot|phot,5,10,70.35223
megalib,raw,Cu_SubstrateSupport_OpenRing_L4_YP_panel,MEGAlib:gamma|e-|eBrem|phot,5,7,38.763510000000004
megalib,raw,Cu_SubstrateSupport_OpenRing_L2_YP_panel,MEGAlib:gamma|e+|annihil|phot,5,5,35.617399999999996
megalib,raw,Cu_SubstrateSupport_OpenRing_L4_ZP_panel,MEGAlib:gamma|e+|annihil|phot,5,5,34.9583
megalib,raw,Cu_SubstrateSupport_OpenRing_L1_ZP_panel,MEGAlib:gamma|gamma|phot|phot,5,8,34.30845
megalib,raw,Cu_SubstrateSupport_OpenRing_L2_ZP_panel,MEGAlib:gamma|e-|eBrem|phot,5,7,28.32587
megalib,raw,Cu_SubstrateSupport_OpenRing_L1_ZP_panel,MEGAlib:gamma|e+|annihil|phot,5,5,17.6904
megalib,raw,DR_Continuous_HEX_CuNi_MXC_to_CP,MEGAlib:gamma|e+|annihil|compt,5,6,16.669870000000003
megalib,raw,Cu_SubstrateSupport_OpenRing_L1_YP_panel,MEGAlib:gamma|e+|annihil|compt,5,6,13.96838
megalib,raw,ColdPlate_Still_0p7K,MEGAlib:gamma|e-|eIoni|phot,5,7,12.16128
megalib,raw,Cu_SubstrateSupport_OpenRing_L3_YM_panel,MEGAlib:gamma|e+|annihil|phot,5,5,8.8901
megalib,raw,DR_Continuous_HEX_CuNi_CP_to_Still,MEGAlib:e-|gamma|phot|eIoni,4,16,1712.46656
megalib,raw,Cu_SubstrateSupport_OpenRing_L4_YP_panel,MEGAlib:e-|gamma|phot|eBrem,4,5,896.04131
megalib,raw,Cu_SubstrateSupport_OpenRing_L2_ZP_panel,MEGAlib:e-|gamma|phot|eBrem,4,4,576.2131400000001
megalib,raw,Cu_50mK_StillLike_Can_side_wall_above_side_port,MEGAlib:e-|gamma|compt|msc,4,66,481.544327227
megalib,raw,Cu_SubstrateSupport_OpenRing_L2_ZP_panel,MEGAlib:e-|gamma|phot|msc,4,29,438.206005
megalib,raw,Cu_50mK_StillLike_Can_side_wall_below_side_port,MEGAlib:e-|gamma|compt|eBrem,4,4,368.10373000000004
megalib,raw,Cu_SubstrateSupport_OpenRing_L5_YP_panel,MEGAlib:e-|gamma|compt|msc,4,46,336.3235616
megalib,raw,DR_MixingChamber_Cu,MEGAlib:e-|gamma|phot|msc,4,23,218.34522699999997
megalib,raw,Cu_SubstrateSupport_OpenRing_L2_YP_panel,MEGAlib:gamma|gamma|phot|phot,4,5,45.531800000000004
megalib,raw,Cu_SubstrateSupport_OpenRing_L1_YP_panel,MEGAlib:gamma|gamma|phot|phot,4,6,39.5859
megalib,raw,DR_Continuous_HEX_CuNi_CP_to_Still,MEGAlib:gamma|e+|annihil|phot,4,4,32.435919999999996
megalib,raw,Cu_SubstrateSupport_OpenRing_L4_ZP_panel,MEGAlib:gamma|gamma|phot|phot,4,6,30.603009999999998
megalib,raw,DR_Continuous_HEX_CuNi_CP_to_Still,MEGAlib:gamma|gamma|phot|phot,4,5,29.366
megalib,raw,Cu_50mK_StillLike_Can_bottom_cap_2mm,MEGAlib:gamma|gamma|compt|phot,4,5,27.54088
megalib,raw,Cu_SubstrateSupport_OpenRing_L1_YM_panel,MEGAlib:gamma|gamma|phot|phot,4,5,24.13168
megalib,raw,DR_Continuous_HEX_CuNi_MXC_to_CP,MEGAlib:gamma|e-|eBrem|phot,4,4,24.126600000000003
megalib,raw,DR_MixingChamber_Cu,MEGAlib:gamma|e-|eIoni|phot,4,4,7.409809999999999
megalib,raw,Cu_50mK_StillLike_Can_bottom_cap_2mm,MEGAlib:e-|gamma|phot|Transportation,4,9,0.0202997458
megalib,raw,Cu_SubstrateSupport_OpenRing_L2_YP_panel,MEGAlib:e-|gamma|compt|eIoni,3,3,624.52628
megalib,raw,Cu_SubstrateSupport_OpenRing_L3_YM_panel,MEGAlib:e-|gamma|compt|eIoni,3,3,608.7606000000001
megalib,raw,Cu_SubstrateSupport_OpenRing_L4_ZM_panel,MEGAlib:e-|gamma|phot|msc,3,59,598.810871429
megalib,raw,Cu_SubstrateSupport_OpenRing_L3_ZM_panel,MEGAlib:e-|gamma|compt|eIoni,3,4,567.927389
megalib,raw,Cu_SubstrateSupport_OpenRing_L1_ZP_panel,MEGAlib:e-|gamma|phot|msc,3,37,473.999097
megalib,raw,Cu_SubstrateSupport_OpenRing_L5_ZP_panel,MEGAlib:e-|gamma|compt|eIoni,3,4,462.458527
megalib,raw,Cu_SubstrateSupport_OpenRing_L5_ZP_panel,MEGAlib:e-|gamma|phot|msc,3,41,456.23371799999995
megalib,raw,Cu_ColdFinger_OffAxis_YP_ZP_from_Disk_to_Stem,MEGAlib:e-|gamma|phot|eIoni,3,6,446.54918
megalib,raw,ColdPlate_Still_0p7K,MEGAlib:e-|gamma|phot|eBrem,3,3,386.80985
megalib,raw,Cu_SubstrateSupport_OpenRing_L1_ZP_panel,MEGAlib:e-|gamma|phot|eBrem,3,4,321.66808000000003
megalib,raw,DR_Continuous_HEX_CuNi_MXC_to_CP,MEGAlib:e-|gamma|phot|eBrem,3,3,313.24861999999996
megalib,raw,DR_MixingChamber_Cu,MEGAlib:e-|e-|eIoni|eIoni,3,3,288.69889
megalib,raw,Cu_SubstrateSupport_OpenRing_L3_ZP_panel,MEGAlib:e-|gamma|compt|msc,3,42,251.33415682099997
megalib,raw,Cu_SubstrateSupport_OpenRing_L3_ZP_panel,MEGAlib:e-|gamma|phot|eBrem,3,3,198.975539
megalib,raw,Cu_SubstrateSupport_OpenRing_L2_YM_panel,MEGAlib:e-|e-|eIoni|eIoni,3,3,180.23757
megalib,raw,Cu_SubstrateSupport_OpenRing_L5_ZP_panel,MEGAlib:e-|e-|eIoni|eIoni,3,3,173.4424
megalib,raw,Cu_50mK_StillLike_Can_side_wall_below_side_port,MEGAlib:gamma|gamma|compt|phot,3,5,27.152
megalib,raw,Cu_SubstrateSupport_OpenRing_L2_YP_panel,MEGAlib:gamma|e-|eBrem|phot,3,3,25.1143
megalib,raw,Cu_SubstrateSupport_OpenRing_L1_ZP_panel,MEGAlib:gamma|e-|eBrem|phot,3,4,24.23908
megalib,raw,Cu_ColdFinger_OffAxis_YP_ZP_from_Disk_to_Stem,MEGAlib:gamma|e+|annihil|phot,3,3,23.5036
megalib,raw,Cu_SubstrateSupport_OpenRing_L5_ZP_panel,MEGAlib:gamma|e+|annihil|compt,3,3,15.5893
megalib,raw,Cu_SubstrateSupport_OpenRing_L3_ZP_panel,MEGAlib:gamma|e-|eBrem|phot,3,3,15.366
megalib,raw,ColdPlate_Still_0p7K,MEGAlib:gamma|e-|eBrem|phot,3,3,14.524700000000001
megalib,raw,Cu_SubstrateSupport_OpenRing_L5_ZP_panel,MEGAlib:gamma|e-|eIoni|phot,3,3,14.524700000000001
megalib,raw,Cu_SubstrateSupport_OpenRing_L2_YP_panel,MEGAlib:gamma|e+|annihil|compt,3,3,13.66629
megalib,raw,Cu_SubstrateSupport_OpenRing_L3_YM_panel,MEGAlib:gamma|e+|annihil|compt,3,3,12.284080000000001
megalib,raw,Cu_SubstrateSupport_OpenRing_L3_ZP_panel,MEGAlib:gamma|e-|eIoni|phot,3,3,7.052899999999999
megalib,raw,ColdPlate_MXC_50mK_SD_anchor,MEGAlib:e-|gamma|compt|Transportation,3,5,1.6799896038
megalib,raw,Cu_SubstrateSupport_OpenRing_L5_YP_panel,MEGAlib:e-|gamma|phot|Transportation,3,5,0.011155068399999999
megalib,raw,Cu_SubstrateSupport_OpenRing_L4_ZP_panel,MEGAlib:e-|gamma|compt|eIoni,2,3,603.9913300000001
megalib,raw,Cu_SubstrateSupport_OpenRing_L1_YM_panel,MEGAlib:e-|gamma|phot|msc,2,37,569.1890960000001
megalib,raw,Cu_SubstrateSupport_OpenRing_L1_YM_panel,MEGAlib:e-|gamma|compt|eIoni,2,4,556.46785
megalib,raw,Cu_ColdFinger_OffAxis_YP_ZP_from_Disk_to_Stem,MEGAlib:e-|gamma|compt|eIoni,2,2,548.3861999999999
megalib,raw,Cu_SubstrateSupport_OpenRing_L5_ZP_panel,MEGAlib:e-|gamma|phot|eBrem,2,2,461.21479999999997
megalib,raw,Cu_ColdFinger_OffAxis_YM_ZM_from_Disk_to_Stem,MEGAlib:e-|gamma|phot|eIoni,2,6,423.16389000000004
megalib,raw,DR_Continuous_HEX_CuNi_MXC_to_CP,MEGAlib:e-|gamma|phot|msc,2,22,421.69128
megalib,raw,Cu_ColdFinger_OffAxis_YM_ZM_from_Disk_to_Stem,MEGAlib:e-|gamma|phot|msc,2,25,370.085593
megalib,raw,Cu_SubstrateSupport_OpenRing_L2_YM_panel,MEGAlib:e-|gamma|phot|eBrem,2,2,370.0546
megalib,raw,ColdPlate_4K,MEGAlib:e-|gamma|phot|msc,2,85,306.71366051199993
megalib,raw,Cu_SubstrateSupport_OpenRing_L1_YM_panel,MEGAlib:e-|e-|eIoni|eIoni,2,2,293.48490000000004
megalib,raw,Cu_SubstrateSupport_OpenRing_L4_YP_panel,MEGAlib:e-|e-|eIoni|eIoni,2,3,217.92321
megalib,raw,Cu_SubstrateSupport_OpenRing_L1_YP_panel,MEGAlib:e-|gamma|phot|eBrem,2,2,185.84914
megalib,raw,DR_MixingChamber_Cu,MEGAlib:e-|gamma|phot|eBrem,2,4,182.332573
megalib,raw,Cu_SubstrateSupport_OpenRing_L1_YP_panel,MEGAlib:e-|e-|eIoni|eIoni,2,2,172.92289
megalib,raw,Cu_SubstrateSupport_OpenRing_L2_ZP_panel,MEGAlib:e-|gamma|compt|eBrem,2,3,169.13517
megalib,raw,Cu_SubstrateSupport_OpenRing_L5_YP_panel,MEGAlib:e-|e-|eIoni|eIoni,2,2,168.5763
megalib,raw,Cu_SubstrateSupport_OpenRing_L2_YP_panel,MEGAlib:e-|gamma|phot|eBrem,2,2,167.76424
megalib,raw,Cu_SubstrateSupport_OpenRing_L4_ZP_panel,MEGAlib:e-|gamma|phot|msc,2,15,167.37305189999998
megalib,raw,ColdPlate_MXC_50mK_SD_anchor,MEGAlib:e-|e-|eIoni|eBrem,2,2,141.55302
megalib,raw,Cu_SubstrateSupport_OpenRing_L1_YM_panel,MEGAlib:e-|gamma|phot|eBrem,2,3,131.33506
megalib,raw,Cu_SubstrateSupport_OpenRing_L3_ZM_panel,MEGAlib:e-|gamma|phot|eBrem,2,3,125.60441
megalib,raw,Cu_SubstrateSupport_OpenRing_L4_ZP_panel,MEGAlib:e-|e-|eIoni|eIoni,2,2,121.68441999999999
megalib,raw,Cu_SubstrateSupport_OpenRing_L4_ZM_panel,MEGAlib:e-|e-|eIoni|eIoni,2,2,101.36131
megalib,raw,Cu_50mK_StillLike_Can_side_wall_rectcut_window_band,MEGAlib:e-|gamma|compt|msc,2,39,99.65066979999997
megalib,raw,Cu_SubstrateSupport_OpenRing_L2_YP_panel,MEGAlib:e-|e-|eIoni|eIoni,2,2,83.44257
megalib,raw,ColdPlate_CP_100mK_intercept,MEGAlib:e-|gamma|compt|msc,2,17,70.8732218
megalib,raw,Cu_50mK_StillLike_Can_side_wall_rectcut_window_band,MEGAlib:e-|e-|eIoni|eBrem,2,2,35.794174
megalib,raw,Cu_SubstrateSupport_OpenRing_L3_ZM_panel,MEGAlib:gamma|e-|eBrem|phot,2,3,24.219900000000003
megalib,raw,Cu_ColdFinger_OffAxis_YM_ZM_from_Disk_to_Stem,MEGAlib:gamma|e+|annihil|phot,2,2,21.0422
megalib,raw,Cu_SubstrateSupport_OpenRing_L1_YM_panel,MEGAlib:gamma|e-|eBrem|phot,2,3,16.0318
megalib,raw,Cu_ColdFinger_OffAxis_YM_ZM_from_Disk_to_Stem,MEGAlib:gamma|gamma|phot|phot,2,2,14.3407
megalib,raw,Cu_SubstrateSupport_OpenRing_L1_YP_panel,MEGAlib:gamma|e-|eBrem|phot,2,2,13.8477
megalib,raw,Cu_SubstrateSupport_OpenRing_L2_YM_panel,MEGAlib:gamma|e-|eBrem|phot,2,2,13.458300000000001
megalib,raw,Cu_SubstrateSupport_OpenRing_L1_YP_panel,MEGAlib:gamma|e-|eIoni|phot,2,2,11.697890000000001
megalib,raw,ColdPlate_4K,MEGAlib:gamma|e-|eBrem|phot,2,2,11.620800000000001
megalib,raw,DR_MixingChamber_Cu,MEGAlib:gamma|e-|eBrem|phot,2,4,8.2501
megalib,raw,Cu_SubstrateSupport_OpenRing_L4_ZM_panel,MEGAlib:gamma|e-|eIoni|phot,2,2,4.6455
megalib,raw,Cu_SubstrateSupport_OpenRing_L5_ZP_panel,MEGAlib:gamma|e-|eBrem|phot,2,2,4.487
megalib,raw,Cu_SubstrateSupport_OpenRing_L2_ZP_panel,MEGAlib:gamma|e-|eIoni|phot,2,2,4.3682
megalib,raw,DR_Continuous_HEX_CuNi_MXC_to_CP,MEGAlib:gamma|gamma|compt|phot,2,2,2.73875
megalib,raw,Cu_SubstrateSupport_OpenRing_L3_ZM_panel,MEGAlib:gamma|e+|annihil|compt,2,2,2.49754
megalib,raw,DR_Continuous_HEX_CuNi_CP_to_Still,MEGAlib:gamma|e-|eIoni|phot,2,3,2.24155
megalib,raw,Cu_SubstrateSupport_OpenRing_L4_ZP_panel,MEGAlib:gamma|e+|annihil|compt,2,2,2.22024
megalib,raw,Cu_SubstrateSupport_SolidDisk_L0_deepest,MEGAlib:gamma|gamma|phot|compt,2,2,1.77564
megalib,raw,Cu_50mK_StillLike_Can_side_wall_rectcut_window_band,MEGAlib:gamma|gamma|phot|compt,2,2,1.74861
megalib,raw,Cu_ColdFinger_OffAxis_YP_ZP_from_Disk_to_Stem,MEGAlib:gamma|gamma|phot|phot,2,2,1.1093
megalib,raw,Cu_50mK_StillLike_Can_bottom_cap_2mm,MEGAlib:gamma|gamma|phot|compt,2,2,0.5886899999999999
megalib,raw,Cu_SubstrateSupport_OpenRing_L1_YM_panel,MEGAlib:gamma|e+|annihil|compt,2,3,0.53611
megalib,raw,Cu_50mK_StillLike_Can_side_wall_above_side_port,MEGAlib:gamma|gamma|phot|compt,2,2,0.27862
megalib,raw,Cu_ColdFinger_OffAxis_YP_ZP_from_Disk_to_Stem,MEGAlib:gamma|e+|annihil|compt,2,2,0.07593
megalib,raw,Cu_50mK_StillLike_Can_side_wall_rectcut_window_band,MEGAlib:e-|gamma|phot|Transportation,2,3,0.005792321
megalib,raw,Cu_MXC_Clamp_Pad_YP_ZP_for_OffAxisStem,MEGAlib:e-|gamma|phot|eIoni,1,5,496.46268000000003
megalib,raw,Cu_ColdFinger_Stem_YM_ZM_to_MXC,MEGAlib:e-|gamma|phot|eIoni,1,3,488.67289999999997
megalib,raw,DR_Capillary_CuNi_CP_Still,MEGAlib:e-|gamma|phot|eIoni,1,4,422.2729
megalib,raw,Cu_ColdFinger_Stem_YP_ZM_to_MXC,MEGAlib:e-|gamma|phot|eIoni,1,4,402.38192
megalib,raw,Cu_ColdFinger_OffAxis_YM_ZP_from_Disk_to_Stem,MEGAlib:e-|gamma|phot|eIoni,1,3,399.76930000000004
megalib,raw,Cu_ColdFinger_OffAxis_YP_ZP_from_Disk_to_Stem,MEGAlib:e-|gamma|phot|msc,1,20,376.26296499999995
megalib,raw,DR_Capillary_CuNi_Still_4K,MEGAlib:e-|gamma|compt|eIoni,1,2,357.8759
megalib,raw,DR_Capillary_CuNi_MXC_CP,MEGAlib:e-|gamma|phot|eIoni,1,3,318.36510000000004
megalib,raw,DR_Still_Pot_Cu,MEGAlib:e-|gamma|compt|eIoni,1,3,275.33806
megalib,raw,Cu_ColdFinger_Stem_YP_ZP_to_MXC,MEGAlib:e-|gamma|phot|eIoni,1,4,260.42088
megalib,raw,Cu_SubstrateSupport_OpenRing_L3_YM_panel,MEGAlib:e-|gamma|phot|msc,1,86,245.35641336600003
megalib,raw,Cu_ColdFinger_Stem_YP_ZP_to_MXC,MEGAlib:e-|gamma|compt|eIoni,1,2,243.34670999999997
megalib,raw,Cu_SubstrateSupport_OpenRing_L3_ZM_panel,MEGAlib:e-|gamma|phot|msc,1,10,229.098858
megalib,raw,Cu_SubstrateSupport_OpenRing_L4_YP_panel,MEGAlib:e-|gamma|compt|eBrem,1,2,212.47978
megalib,raw,DR_Still_Pot_Cu,MEGAlib:e-|gamma|phot|eIoni,1,3,203.77007
megalib,raw,ColdPlate_Still_0p7K,MEGAlib:e-|gamma|compt|msc,1,32,185.81016151400004
megalib,raw,DR_Capillary_CuNi_MXC_CP,MEGAlib:e-|gamma|compt|eIoni,1,2,178.97298
megalib,raw,Cu_ColdFinger_OffAxis_YM_ZM_from_Disk_to_Stem,MEGAlib:e-|gamma|phot|eBrem,1,2,171.830241
megalib,raw,Cu_50mK_StillLike_Can_side_wall_below_side_port,MEGAlib:e-|gamma|compt|msc,1,17,150.990597
megalib,raw,Cu_SubstrateSupport_OpenRing_L3_ZM_panel,MEGAlib:e-|e-|eIoni|eIoni,1,1,145.3597
megalib,raw,Cu_SubstrateSupport_OpenRing_L4_ZM_panel,MEGAlib:e-|gamma|phot|eBrem,1,1,140.0144
megalib,raw,DR_Capillary_CuNi_Still_4K,MEGAlib:e-|gamma|phot|eIoni,1,2,130.21089
megalib,raw,Cu_ColdFinger_OffAxis_YP_ZP_from_Disk_to_Stem,MEGAlib:e-|gamma|phot|eBrem,1,1,127.2304
megalib,raw,Cu_SubstrateSupport_OpenRing_L2_YM_panel,MEGAlib:e-|gamma|phot|msc,1,10,126.71998200000002
megalib,raw,DR_Continuous_HEX_CuNi_CP_to_Still,MEGAlib:e-|gamma|phot|msc,1,11,121.869599
megalib,raw,Cu_SubstrateSupport_OpenRing_L1_ZP_panel,MEGAlib:e-|gamma|compt|eIoni,1,1,100.7139
megalib,raw,Cu_ColdFinger_OffAxis_YM_ZP_from_Disk_to_Stem,MEGAlib:e-|e-|eIoni|eIoni,1,1,89.69444
megalib,raw,Cu_ColdFinger_Stem_YP_ZM_to_MXC,MEGAlib:e-|e-|eIoni|eIoni,1,1,87.08176
megalib,raw,Cu_SubstrateSupport_OpenRing_L1_ZP_panel,MEGAlib:e-|e-|eIoni|eIoni,1,1,82.52624
megalib,raw,DR_Continuous_HEX_CuNi_CP_to_Still,MEGAlib:e-|e-|eIoni|eIoni,1,1,79.13219
megalib,raw,DR_Capillary_CuNi_CP_Still,MEGAlib:e-|e-|eIoni|eIoni,1,1,74.64377
megalib,raw,ColdPlate_4K,MEGAlib:e-|e-|eIoni|eIoni,1,1,71.9598
megalib,raw,Cu_SubstrateSupport_OpenRing_L2_YP_panel,MEGAlib:e-|e-|eIoni|eBrem,1,1,70.61926
megalib,raw,ColdPlate_Still_0p7K,MEGAlib:e-|e-|eIoni|eIoni,1,1,67.88337
megalib,raw,DR_MixingChamber_Cu,MEGAlib:e-|gamma|compt|msc,1,6,63.00625300000001
megalib,raw,Cu_SubstrateSupport_OpenRing_L4_YP_panel,MEGAlib:e-|gamma|compt|msc,1,7,61.680730999999994
megalib,raw,ColdPlate_4K,MEGAlib:e-|gamma|compt|eBrem,1,1,57.93612
megalib,raw,DR_Continuous_HEX_CuNi_CP_to_Still,MEGAlib:e-|gamma|phot|eBrem,1,1,55.3208
megalib,raw,Cu_SubstrateSupport_OpenRing_L3_ZP_panel,MEGAlib:e-|e-|eIoni|eIoni,1,1,55.21404
megalib,raw,ColdPlate_4K,MEGAlib:e-|gamma|phot|eBrem,1,1,48.24714
megalib,raw,Cu_SubstrateSupport_OpenRing_L2_ZP_panel,MEGAlib:e-|gamma|compt|msc,1,4,38.678884
megalib,raw,Cu_SubstrateSupport_OpenRing_L4_ZP_panel,MEGAlib:e-|gamma|compt|msc,1,5,35.856275
megalib,raw,Cu_SubstrateSupport_OpenRing_L2_YP_panel,MEGAlib:e-|gamma|phot|msc,1,4,33.474033
megalib,raw,Cu_50mK_StillLike_Can_side_wall_below_side_port,MEGAlib:e-|e-|eIoni|eBrem,1,1,27.09418
megalib,raw,DR_Continuous_HEX_CuNi_MXC_to_CP,MEGAlib:e-|e-|eIoni|eBrem,1,1,24.5096
megalib,raw,ColdPlate_MXC_50mK_SD_anchor,MEGAlib:e-|e-|eIoni|msc,1,10,23.46379
megalib,raw,Cu_ColdFinger_OffAxis_YM_ZM_from_Disk_to_Stem,MEGAlib:gamma|e-|eBrem|phot,1,2,21.535200000000003
megalib,raw,Cu_SubstrateSupport_SolidDisk_L0_deepest,MEGAlib:e-|e-|eIoni|eBrem,1,1,16.46524
megalib,raw,Cu_MXC_Clamp_Pad_YP_ZP_for_OffAxisStem,MEGAlib:gamma|gamma|phot|phot,1,2,12.5639
megalib,raw,DR_Capillary_CuNi_Still_4K,MEGAlib:gamma|gamma|phot|phot,1,1,11.656
megalib,raw,Cu_ColdFinger_OffAxis_YM_ZP_from_Disk_to_Stem,MEGAlib:gamma|gamma|phot|phot,1,1,11.656
megalib,raw,Cu_SubstrateSupport_OpenRing_L4_ZM_panel,MEGAlib:gamma|gamma|compt|phot,1,1,11.656
megalib,raw,Cu_ColdFinger_Stem_YP_ZM_to_MXC,MEGAlib:gamma|gamma|phot|phot,1,1,11.656
megalib,raw,DR_Still_Pot_Cu,MEGAlib:gamma|gamma|phot|phot,1,1,11.656
megalib,raw,DR_Capillary_CuNi_Still_4K,MEGAlib:gamma|e+|annihil|phot,1,1,11.163
megalib,raw,DR_MixingChamber_Cu,MEGAlib:gamma|gamma|compt|phot,1,1,11.163
megalib,raw,Cu_SubstrateSupport_OpenRing_L2_YM_panel,MEGAlib:gamma|e-|eIoni|phot,1,1,11.163
megalib,raw,DR_Continuous_HEX_CuNi_CP_to_Still,MEGAlib:gamma|e-|eBrem|phot,1,1,11.163
megalib,raw,Cu_ColdFinger_Stem_YM_ZM_to_MXC,MEGAlib:gamma|e+|annihil|phot,1,1,11.163
megalib,raw,Cu_ColdFinger_Stem_YM_ZM_to_MXC,MEGAlib:gamma|gamma|phot|phot,1,1,11.163
megalib,raw,Cu_SubstrateSupport_OpenRing_L3_YM_panel,MEGAlib:gamma|e-|eBrem|phot,1,1,11.163
megalib,raw,DR_Still_Pot_Cu,MEGAlib:gamma|gamma|compt|phot,1,1,11.163
megalib,raw,Cu_50mK_StillLike_Can_bottom_cap_2mm,MEGAlib:e-|e-|eIoni|msc,1,3,10.600372
megalib,raw,Cu_SubstrateSupport_SolidDisk_L0_deepest,MEGAlib:gamma|e-|eBrem|compt,1,2,10.433850000000001
megalib,raw,Cu_SubstrateSupport_OpenRing_L3_ZP_panel,MEGAlib:gamma|gamma|compt|phot,1,1,9.8792
megalib,raw,DR_Capillary_CuNi_MXC_CP,MEGAlib:gamma|e+|annihil|phot,1,1,9.8792
megalib,raw,Cu_ColdFinger_OffAxis_YM_ZP_from_Disk_to_Stem,MEGAlib:gamma|e+|annihil|phot,1,1,9.8792
megalib,raw,DR_Capillary_CuNi_CP_Still,MEGAlib:gamma|e+|annihil|phot,1,1,9.8792
megalib,raw,Cu_SubstrateSupport_OpenRing_L5_ZP_panel,MEGAlib:gamma|gamma|compt|phot,1,1,9.8792
megalib,raw,Cu_ColdFinger_Stem_YP_ZM_to_MXC,MEGAlib:gamma|e+|annihil|phot,1,1,9.8792
megalib,raw,ColdPlate_CP_100mK_intercept,MEGAlib:gamma|gamma|compt|phot,1,1,9.8792
megalib,raw,Cu_ColdFinger_OffAxis_YP_ZP_from_Disk_to_Stem,MEGAlib:gamma|e-|eBrem|phot,1,1,9.8792
megalib,raw,DR_Still_Pot_Cu,MEGAlib:gamma|e+|annihil|compt,1,3,6.8877
megalib,raw,Cu_SubstrateSupport_OpenRing_L3_YM_panel,MEGAlib:e-|gamma|phot|eBrem,1,1,5.844736
megalib,raw,Cu_ColdFinger_Stem_YP_ZP_to_MXC,MEGAlib:gamma|gamma|phot|phot,1,3,5.3768199999999995
megalib,raw,ColdPlate_4K,MEGAlib:gamma|e-|eIoni|phot,1,2,4.3682
megalib,raw,DR_Capillary_CuNi_MXC_CP,MEGAlib:gamma|gamma|phot|phot,1,2,3.5439
megalib,raw,Cu_SubstrateSupport_OpenRing_L3_ZM_panel,MEGAlib:gamma|e-|eIoni|phot,1,1,2.6847
megalib,raw,Cu_SubstrateSupport_OpenRing_L2_YP_panel,MEGAlib:gamma|e-|eIoni|phot,1,1,2.6847
megalib,raw,Cu_SubstrateSupport_OpenRing_L1_YM_panel,MEGAlib:gamma|e-|eIoni|phot,1,1,2.4614
megalib,raw,DR_Capillary_CuNi_CP_Still,MEGAlib:gamma|gamma|phot|phot,1,1,2.4614
megalib,raw,Cu_SubstrateSupport_OpenRing_L2_ZP_panel,MEGAlib:gamma|gamma|compt|phot,1,1,2.1841
megalib,raw,DR_Still_Pot_Cu,MEGAlib:gamma|e+|annihil|phot,1,1,2.1841
megalib,raw,Cu_50mK_StillLike_Can_side_wall_rectcut_window_band,MEGAlib:gamma|gamma|compt|phot,1,1,2.1841
megalib,raw,Cu_SubstrateSupport_OpenRing_L4_ZM_panel,MEGAlib:gamma|e-|eBrem|phot,1,1,1.8023
megalib,raw,DR_Capillary_CuNi_CP_Still,MEGAlib:gamma|e-|eIoni|phot,1,1,1.7416
megalib,raw,Cu_SubstrateSupport_OpenRing_L4_YP_panel,MEGAlib:gamma|e-|eIoni|phot,1,1,1.7416
megalib,raw,Cu_MXC_Clamp_Pad_YP_ZP_for_OffAxisStem,MEGAlib:gamma|e-|eIoni|phot,1,1,1.7416
megalib,raw,Cu_ColdFinger_Stem_YP_ZP_to_MXC,MEGAlib:gamma|e+|annihil|phot,1,1,1.7416
megalib,raw,Cu_SubstrateSupport_OpenRing_L5_YP_panel,MEGAlib:gamma|e-|eIoni|phot,1,1,0.39736
megalib,raw,Cu_50mK_StillLike_Can_side_wall_below_side_port,MEGAlib:gamma|gamma|compt|compt,1,1,0.39736
megalib,raw,Cu_SubstrateSupport_OpenRing_L5_ZP_panel,MEGAlib:gamma|gamma|phot|compt,1,1,0.39736
megalib,raw,ColdPlate_Still_0p7K,MEGAlib:gamma|gamma|compt|phot,1,1,0.24248
megalib,raw,DR_Capillary_CuNi_MXC_CP,MEGAlib:gamma|e+|annihil|compt,1,2,0.23773
megalib,raw,Cu_50mK_StillLike_Can_side_wall_below_side_port,MEGAlib:gamma|e-|eBrem|compt,1,1,0.23072
megalib,raw,Cu_50mK_StillLike_Can_bottom_cap_2mm,MEGAlib:gamma|e-|eBrem|compt,1,1,0.23072
megalib,raw,Cu_MXC_Clamp_Pad_YP_ZP_for_OffAxisStem,MEGAlib:gamma|e+|annihil|phot,1,1,0.23072
megalib,raw,Cu_ColdFinger_Stem_YP_ZP_to_MXC,MEGAlib:gamma|e+|annihil|compt,1,2,0.11285
megalib,raw,DR_Capillary_CuNi_Still_4K,MEGAlib:gamma|e+|annihil|compt,1,2,0.09304
megalib,raw,ColdPlate_CP_100mK_intercept,MEGAlib:gamma|gamma|phot|compt,1,1,0.07881
megalib,raw,Cu_SubstrateSupport_OpenRing_L3_ZM_panel,MEGAlib:gamma|e-|eBrem|compt,1,1,0.05115
megalib,raw,ColdPlate_MXC_50mK_SD_anchor,MEGAlib:gamma|e-|eBrem|compt,1,1,0.04189
megalib,raw,Cu_SubstrateSupport_SolidDisk_L0_deepest,MEGAlib:e-|gamma|compt|Transportation,1,6,0.024035411000000003
megalib,raw,Cu_SubstrateSupport_OpenRing_L3_YM_panel,MEGAlib:e-|gamma|phot|Transportation,1,6,0.0214245376
megalib,raw,ColdPlate_Still_0p7K,MEGAlib:e-|gamma|phot|Transportation,1,6,0.019655904999999998
megalib,raw,ColdPlate_4K,MEGAlib:e-|gamma|phot|Transportation,1,3,0.0124778179
megalib,raw,Cu_50mK_StillLike_Can_side_wall_above_side_port,MEGAlib:e-|gamma|compt|Transportation,1,2,0.010817745
megalib,raw,ColdPlate_Still_0p7K,MEGAlib:e-|gamma|compt|Transportation,1,2,0.007342227
megalib,raw,Cu_SubstrateSupport_OpenRing_L5_YP_panel,MEGAlib:gamma|gamma|phot|compt,1,1,0.00701
megalib,raw,Cu_SubstrateSupport_OpenRing_L1_ZP_panel,MEGAlib:gamma|e+|annihil|compt,1,1,0.00701
megalib,raw,Cu_SubstrateSupport_OpenRing_L3_ZP_panel,MEGAlib:e-|gamma|phot|Transportation,1,2,0.0068060131
megalib,raw,Cu_SubstrateSupport_OpenRing_L4_ZM_panel,MEGAlib:e-|gamma|phot|Transportation,1,2,0.0054432687
megalib,raw,Cu_50mK_StillLike_Can_bottom_cap_2mm,MEGAlib:e-|gamma|compt|Transportation,1,1,0.003802421
megalib,raw,Cu_SubstrateSupport_OpenRing_L3_ZP_panel,MEGAlib:e-|gamma|compt|Transportation,1,1,0.0009522078
